xanthélasma	xanthélasma	Nom:Mas+SG
xanthie	xanthie	Nom:Fem+SG
xanthine	xanthine	Nom:Fem+SG
xanthoderme	xanthoderme	Adj:InvGen+SG
xanthoderme	xanthoderme	Nom:InvGen+SG
xanthogénique	xanthogénique	Adj:InvGen+SG
xanthome	xanthome	Nom:Mas+SG
xanthophycée	xanthophycée	Nom:Fem+SG
xanthophylle	xanthophylle	Nom:Fem+SG
xénarthre	xénarthre	Nom:Mas+SG
xénélasie	xénélasie	Nom:Fem+SG
xénodiagnostic	xénodiagnostic	Nom:Mas+SG
xénon	xénon	Nom:Mas+SG
xénophile	xénophile	Adj:InvGen+SG
xénophilie	xénophilie	Nom:Fem+SG
xénophobes	xénophobe	Adj:InvGen+PL
xénophobes	xénophobe	Nom:InvGen+PL
xénophobe	xénophobe	Adj:InvGen+SG
xénophobies	xénophobie	Nom:Fem+PL
xénophobie	xénophobie	Nom:Fem+SG
xénoplastique	xénoplastique	Adj:InvGen+SG
xénotropisme	xénotropisme	Nom:Mas+SG
xéranthème	xéranthème	Nom:Mas+SG
xérès	xérès	Nom:Mas+InvPL
xérocopie	xérocopie	Nom:Fem+SG
xérocopie	xérocopier	Ver:IPre+SG+P1:IPre+SG+P3:SPre+SG+P1:SPre+SG+P3:ImPre+SG+P2
xérodermie	xérodermie	Nom:Fem+SG
xérographie	xérographie	Nom:Fem+SG
xérophile	xérophile	Adj:InvGen+SG
xérophtalmie	xérophtalmie	Nom:Fem+SG
xérophyte	xérophyte	Nom:Fem+SG
xérophytique	xérophytique	Adj:InvGen+SG
xérus	xérus	Nom:Mas+InvPL
xiang	xiang	Nom:Mas+SG
ximenia	ximenia	Nom:Mas+SG
ximénie	ximénie	Nom:Fem+SG
xiphoïdes	xiphoïde	Adj:InvGen+PL
xiphoïde	xiphoïde	Adj:InvGen+SG
xiphoïdiennes	xiphoïdien	Adj:Fem+PL
xiphoïdienne	xiphoïdien	Adj:Fem+SG
xiphoïdiens	xiphoïdien	Adj:Mas+PL
xiphoïdien	xiphoïdien	Adj:Mas+SG
xiphophore	xiphophore	Nom:Mas+SG
xipho	xipho	Nom:Mas+SG
xi	xi	Nom:Mas+InvPL
xylène	xylène	Nom:Mas+SG
xylidine	xylidine	Nom:Fem+SG
xylocope	xylocope	Nom:Mas+SG
xylographes	xylographe	Nom:InvGen+PL
xylographe	xylographe	Nom:InvGen+SG
xylographies	xylographie	Nom:Fem+PL
xylographies	xylographier	Ver:IPre+SG+P2:SPre+SG+P2
xylographie	xylographie	Nom:Fem+SG
xylographiques	xylographique	Adj:InvGen+PL
xylographique	xylographique	Adj:InvGen+SG
xylol	xylol	Nom:Mas+SG
xylophage	xylophage	Adj:InvGen+SG
xylophage	xylophage	Nom:Mas+SG
xylophones	xylophone	Nom:Mas+PL
xylophone	xylophone	Nom:Mas+SG
xyste	xyste	Nom:Mas+SG